<annotation>
	<folder>resize_Bali</folder>
	<filename>bebektimbungan00017.jpg</filename>
	<path>/Users/mac/Downloads/resize_Bali/bebektimbungan00017.jpg</path>
	<source>
		<database>Unknown</database>
	</source>
	<size>
		<width>500</width>
		<height>500</height>
		<depth>3</depth>
	</size>
	<segmented>0</segmented>
	<object>
		<name>bebek timbungan</name>
		<pose>Unspecified</pose>
		<truncated>0</truncated>
		<difficult>0</difficult>
		<bndbox>
			<xmin>102</xmin>
			<ymin>19</ymin>
			<xmax>264</xmax>
			<ymax>312</ymax>
		</bndbox>
	</object>
</annotation>
