<annotation>
	<folder>resize_Bali</folder>
	<filename>bulungbuni00010.jpg</filename>
	<path>/Users/mac/Downloads/resize_Bali/bulungbuni00010.jpg</path>
	<source>
		<database>Unknown</database>
	</source>
	<size>
		<width>500</width>
		<height>500</height>
		<depth>3</depth>
	</size>
	<segmented>0</segmented>
	<object>
		<name>bulung buni</name>
		<pose>Unspecified</pose>
		<truncated>0</truncated>
		<difficult>0</difficult>
		<bndbox>
			<xmin>20</xmin>
			<ymin>32</ymin>
			<xmax>460</xmax>
			<ymax>479</ymax>
		</bndbox>
	</object>
</annotation>
