<annotation>
	<folder>resize_Bali</folder>
	<filename>nasitepeng00004.jpg</filename>
	<path>/Users/mac/Downloads/resize_Bali/nasitepeng00004.jpg</path>
	<source>
		<database>Unknown</database>
	</source>
	<size>
		<width>500</width>
		<height>500</height>
		<depth>3</depth>
	</size>
	<segmented>0</segmented>
	<object>
		<name>nasi tepeng</name>
		<pose>Unspecified</pose>
		<truncated>0</truncated>
		<difficult>0</difficult>
		<bndbox>
			<xmin>25</xmin>
			<ymin>173</ymin>
			<xmax>448</xmax>
			<ymax>461</ymax>
		</bndbox>
	</object>
</annotation>
