<annotation>
	<folder>resize_Bali</folder>
	<filename>piesusu00006.jpg</filename>
	<path>/Users/mac/Downloads/resize_Bali/piesusu00006.jpg</path>
	<source>
		<database>Unknown</database>
	</source>
	<size>
		<width>500</width>
		<height>500</height>
		<depth>3</depth>
	</size>
	<segmented>0</segmented>
	<object>
		<name>pie susu</name>
		<pose>Unspecified</pose>
		<truncated>0</truncated>
		<difficult>0</difficult>
		<bndbox>
			<xmin>18</xmin>
			<ymin>162</ymin>
			<xmax>323</xmax>
			<ymax>386</ymax>
		</bndbox>
	</object>
	<object>
		<name>pie susu</name>
		<pose>Unspecified</pose>
		<truncated>1</truncated>
		<difficult>0</difficult>
		<bndbox>
			<xmin>297</xmin>
			<ymin>68</ymin>
			<xmax>500</xmax>
			<ymax>290</ymax>
		</bndbox>
	</object>
</annotation>
