<annotation>
	<folder>resize_Bali</folder>
	<filename>piesusu00003.jpg</filename>
	<path>/Users/mac/Downloads/resize_Bali/piesusu00003.jpg</path>
	<source>
		<database>Unknown</database>
	</source>
	<size>
		<width>500</width>
		<height>500</height>
		<depth>3</depth>
	</size>
	<segmented>0</segmented>
	<object>
		<name>pie susu</name>
		<pose>Unspecified</pose>
		<truncated>0</truncated>
		<difficult>0</difficult>
		<bndbox>
			<xmin>50</xmin>
			<ymin>182</ymin>
			<xmax>298</xmax>
			<ymax>418</ymax>
		</bndbox>
	</object>
	<object>
		<name>pie susu</name>
		<pose>Unspecified</pose>
		<truncated>0</truncated>
		<difficult>0</difficult>
		<bndbox>
			<xmin>268</xmin>
			<ymin>96</ymin>
			<xmax>431</xmax>
			<ymax>355</ymax>
		</bndbox>
	</object>
</annotation>
