<annotation>
	<folder>resize_Bali</folder>
	<filename>piesusu00001.jpg</filename>
	<path>/Users/mac/Downloads/resize_Bali/piesusu00001.jpg</path>
	<source>
		<database>Unknown</database>
	</source>
	<size>
		<width>500</width>
		<height>500</height>
		<depth>3</depth>
	</size>
	<segmented>0</segmented>
	<object>
		<name>pie susu</name>
		<pose>Unspecified</pose>
		<truncated>0</truncated>
		<difficult>0</difficult>
		<bndbox>
			<xmin>334</xmin>
			<ymin>156</ymin>
			<xmax>465</xmax>
			<ymax>248</ymax>
		</bndbox>
	</object>
	<object>
		<name>pie susu</name>
		<pose>Unspecified</pose>
		<truncated>0</truncated>
		<difficult>0</difficult>
		<bndbox>
			<xmin>257</xmin>
			<ymin>226</ymin>
			<xmax>432</xmax>
			<ymax>322</ymax>
		</bndbox>
	</object>
	<object>
		<name>pie susu</name>
		<pose>Unspecified</pose>
		<truncated>0</truncated>
		<difficult>0</difficult>
		<bndbox>
			<xmin>215</xmin>
			<ymin>309</ymin>
			<xmax>362</xmax>
			<ymax>409</ymax>
		</bndbox>
	</object>
</annotation>
