<annotation>
	<folder>resize_Bali</folder>
	<filename>piesusu00014.jpg</filename>
	<path>/Users/mac/Downloads/resize_Bali/piesusu00014.jpg</path>
	<source>
		<database>Unknown</database>
	</source>
	<size>
		<width>500</width>
		<height>500</height>
		<depth>3</depth>
	</size>
	<segmented>0</segmented>
	<object>
		<name>pie susu</name>
		<pose>Unspecified</pose>
		<truncated>0</truncated>
		<difficult>0</difficult>
		<bndbox>
			<xmin>106</xmin>
			<ymin>203</ymin>
			<xmax>276</xmax>
			<ymax>317</ymax>
		</bndbox>
	</object>
	<object>
		<name>pie susu</name>
		<pose>Unspecified</pose>
		<truncated>0</truncated>
		<difficult>0</difficult>
		<bndbox>
			<xmin>258</xmin>
			<ymin>270</ymin>
			<xmax>493</xmax>
			<ymax>418</ymax>
		</bndbox>
	</object>
	<object>
		<name>pie susu</name>
		<pose>Unspecified</pose>
		<truncated>0</truncated>
		<difficult>0</difficult>
		<bndbox>
			<xmin>29</xmin>
			<ymin>319</ymin>
			<xmax>275</xmax>
			<ymax>466</ymax>
		</bndbox>
	</object>
</annotation>
