<annotation>
	<folder>resize_Bali</folder>
	<filename>piesusu00005.jpg</filename>
	<path>/Users/mac/Downloads/resize_Bali/piesusu00005.jpg</path>
	<source>
		<database>Unknown</database>
	</source>
	<size>
		<width>500</width>
		<height>500</height>
		<depth>3</depth>
	</size>
	<segmented>0</segmented>
	<object>
		<name>pie susu</name>
		<pose>Unspecified</pose>
		<truncated>0</truncated>
		<difficult>0</difficult>
		<bndbox>
			<xmin>57</xmin>
			<ymin>302</ymin>
			<xmax>248</xmax>
			<ymax>493</ymax>
		</bndbox>
	</object>
	<object>
		<name>pie susu</name>
		<pose>Unspecified</pose>
		<truncated>0</truncated>
		<difficult>0</difficult>
		<bndbox>
			<xmin>181</xmin>
			<ymin>217</ymin>
			<xmax>342</xmax>
			<ymax>373</ymax>
		</bndbox>
	</object>
	<object>
		<name>pie susu</name>
		<pose>Unspecified</pose>
		<truncated>0</truncated>
		<difficult>0</difficult>
		<bndbox>
			<xmin>241</xmin>
			<ymin>298</ymin>
			<xmax>408</xmax>
			<ymax>499</ymax>
		</bndbox>
	</object>
</annotation>
