<annotation>
	<folder>resize_Bali</folder>
	<filename>piesusu00015.jpg</filename>
	<path>/Users/mac/Downloads/resize_Bali/piesusu00015.jpg</path>
	<source>
		<database>Unknown</database>
	</source>
	<size>
		<width>500</width>
		<height>500</height>
		<depth>3</depth>
	</size>
	<segmented>0</segmented>
	<object>
		<name>pie susu</name>
		<pose>Unspecified</pose>
		<truncated>0</truncated>
		<difficult>0</difficult>
		<bndbox>
			<xmin>42</xmin>
			<ymin>215</ymin>
			<xmax>191</xmax>
			<ymax>319</ymax>
		</bndbox>
	</object>
	<object>
		<name>pie susu</name>
		<pose>Unspecified</pose>
		<truncated>0</truncated>
		<difficult>0</difficult>
		<bndbox>
			<xmin>143</xmin>
			<ymin>275</ymin>
			<xmax>314</xmax>
			<ymax>373</ymax>
		</bndbox>
	</object>
	<object>
		<name>pie susu</name>
		<pose>Unspecified</pose>
		<truncated>0</truncated>
		<difficult>0</difficult>
		<bndbox>
			<xmin>113</xmin>
			<ymin>350</ymin>
			<xmax>287</xmax>
			<ymax>461</ymax>
		</bndbox>
	</object>
	<object>
		<name>pie susu</name>
		<pose>Unspecified</pose>
		<truncated>0</truncated>
		<difficult>0</difficult>
		<bndbox>
			<xmin>4</xmin>
			<ymin>389</ymin>
			<xmax>120</xmax>
			<ymax>494</ymax>
		</bndbox>
	</object>
	<object>
		<name>pie susu</name>
		<pose>Unspecified</pose>
		<truncated>0</truncated>
		<difficult>0</difficult>
		<bndbox>
			<xmin>5</xmin>
			<ymin>290</ymin>
			<xmax>104</xmax>
			<ymax>389</ymax>
		</bndbox>
	</object>
</annotation>
