<annotation>
	<folder>resize_Bali</folder>
	<filename>piesusu00009.jpg</filename>
	<path>/Users/mac/Downloads/resize_Bali/piesusu00009.jpg</path>
	<source>
		<database>Unknown</database>
	</source>
	<size>
		<width>500</width>
		<height>500</height>
		<depth>3</depth>
	</size>
	<segmented>0</segmented>
	<object>
		<name>pie susu</name>
		<pose>Unspecified</pose>
		<truncated>0</truncated>
		<difficult>0</difficult>
		<bndbox>
			<xmin>61</xmin>
			<ymin>9</ymin>
			<xmax>445</xmax>
			<ymax>216</ymax>
		</bndbox>
	</object>
	<object>
		<name>pie susu</name>
		<pose>Unspecified</pose>
		<truncated>0</truncated>
		<difficult>0</difficult>
		<bndbox>
			<xmin>10</xmin>
			<ymin>186</ymin>
			<xmax>239</xmax>
			<ymax>471</ymax>
		</bndbox>
	</object>
	<object>
		<name>pie susu</name>
		<pose>Unspecified</pose>
		<truncated>1</truncated>
		<difficult>0</difficult>
		<bndbox>
			<xmin>260</xmin>
			<ymin>190</ymin>
			<xmax>500</xmax>
			<ymax>455</ymax>
		</bndbox>
	</object>
</annotation>
