<annotation>
	<folder>resize_Bali</folder>
	<filename>piesusu00008.jpg</filename>
	<path>/Users/mac/Downloads/resize_Bali/piesusu00008.jpg</path>
	<source>
		<database>Unknown</database>
	</source>
	<size>
		<width>500</width>
		<height>500</height>
		<depth>3</depth>
	</size>
	<segmented>0</segmented>
	<object>
		<name>pie susu</name>
		<pose>Unspecified</pose>
		<truncated>0</truncated>
		<difficult>0</difficult>
		<bndbox>
			<xmin>186</xmin>
			<ymin>27</ymin>
			<xmax>453</xmax>
			<ymax>217</ymax>
		</bndbox>
	</object>
	<object>
		<name>pie susu</name>
		<pose>Unspecified</pose>
		<truncated>0</truncated>
		<difficult>0</difficult>
		<bndbox>
			<xmin>157</xmin>
			<ymin>221</ymin>
			<xmax>491</xmax>
			<ymax>484</ymax>
		</bndbox>
	</object>
	<object>
		<name>pie susu</name>
		<pose>Unspecified</pose>
		<truncated>0</truncated>
		<difficult>0</difficult>
		<bndbox>
			<xmin>4</xmin>
			<ymin>110</ymin>
			<xmax>207</xmax>
			<ymax>348</ymax>
		</bndbox>
	</object>
</annotation>
