<annotation>
	<folder>resize_Bali</folder>
	<filename>piesusu00016.jpg</filename>
	<path>/Users/mac/Downloads/resize_Bali/piesusu00016.jpg</path>
	<source>
		<database>Unknown</database>
	</source>
	<size>
		<width>500</width>
		<height>500</height>
		<depth>3</depth>
	</size>
	<segmented>0</segmented>
	<object>
		<name>pie susu</name>
		<pose>Unspecified</pose>
		<truncated>0</truncated>
		<difficult>0</difficult>
		<bndbox>
			<xmin>79</xmin>
			<ymin>63</ymin>
			<xmax>447</xmax>
			<ymax>444</ymax>
		</bndbox>
	</object>
</annotation>
