<annotation>
	<folder>resize_Bali</folder>
	<filename>sateplecing00003.jpg</filename>
	<path>/Users/mac/Downloads/resize_Bali/sateplecing00003.jpg</path>
	<source>
		<database>Unknown</database>
	</source>
	<size>
		<width>500</width>
		<height>500</height>
		<depth>3</depth>
	</size>
	<segmented>0</segmented>
	<object>
		<name>sate plecing</name>
		<pose>Unspecified</pose>
		<truncated>0</truncated>
		<difficult>0</difficult>
		<bndbox>
			<xmin>119</xmin>
			<ymin>146</ymin>
			<xmax>450</xmax>
			<ymax>352</ymax>
		</bndbox>
	</object>
	<object>
		<name>sate plecing</name>
		<pose>Unspecified</pose>
		<truncated>0</truncated>
		<difficult>0</difficult>
		<bndbox>
			<xmin>10</xmin>
			<ymin>315</ymin>
			<xmax>336</xmax>
			<ymax>471</ymax>
		</bndbox>
	</object>
	<object>
		<name>sate plecing</name>
		<pose>Unspecified</pose>
		<truncated>1</truncated>
		<difficult>0</difficult>
		<bndbox>
			<xmin>312</xmin>
			<ymin>114</ymin>
			<xmax>500</xmax>
			<ymax>268</ymax>
		</bndbox>
	</object>
</annotation>
