<annotation>
	<folder>resize_Bali</folder>
	<filename>satelanguan00017.jpg</filename>
	<path>/Users/mac/Downloads/resize_Bali/satelanguan00017.jpg</path>
	<source>
		<database>Unknown</database>
	</source>
	<size>
		<width>500</width>
		<height>500</height>
		<depth>3</depth>
	</size>
	<segmented>0</segmented>
	<object>
		<name>sate languan</name>
		<pose>Unspecified</pose>
		<truncated>0</truncated>
		<difficult>0</difficult>
		<bndbox>
			<xmin>67</xmin>
			<ymin>35</ymin>
			<xmax>177</xmax>
			<ymax>210</ymax>
		</bndbox>
	</object>
	<object>
		<name>sate languan</name>
		<pose>Unspecified</pose>
		<truncated>0</truncated>
		<difficult>0</difficult>
		<bndbox>
			<xmin>175</xmin>
			<ymin>14</ymin>
			<xmax>309</xmax>
			<ymax>205</ymax>
		</bndbox>
	</object>
	<object>
		<name>sate languan</name>
		<pose>Unspecified</pose>
		<truncated>0</truncated>
		<difficult>0</difficult>
		<bndbox>
			<xmin>316</xmin>
			<ymin>13</ymin>
			<xmax>494</xmax>
			<ymax>187</ymax>
		</bndbox>
	</object>
</annotation>
