<annotation>
	<folder>resize_Bali</folder>
	<filename>sateplecing00004.jpg</filename>
	<path>/Users/mac/Downloads/resize_Bali/sateplecing00004.jpg</path>
	<source>
		<database>Unknown</database>
	</source>
	<size>
		<width>500</width>
		<height>500</height>
		<depth>3</depth>
	</size>
	<segmented>0</segmented>
	<object>
		<name>sate plecing</name>
		<pose>Unspecified</pose>
		<truncated>1</truncated>
		<difficult>0</difficult>
		<bndbox>
			<xmin>247</xmin>
			<ymin>127</ymin>
			<xmax>500</xmax>
			<ymax>338</ymax>
		</bndbox>
	</object>
	<object>
		<name>sate plecing</name>
		<pose>Unspecified</pose>
		<truncated>0</truncated>
		<difficult>0</difficult>
		<bndbox>
			<xmin>123</xmin>
			<ymin>222</ymin>
			<xmax>363</xmax>
			<ymax>477</ymax>
		</bndbox>
	</object>
</annotation>
