<annotation>
	<folder>resize_Bali</folder>
	<filename>satelanguan00011.jpg</filename>
	<path>/Users/mac/Downloads/resize_Bali/satelanguan00011.jpg</path>
	<source>
		<database>Unknown</database>
	</source>
	<size>
		<width>500</width>
		<height>500</height>
		<depth>3</depth>
	</size>
	<segmented>0</segmented>
	<object>
		<name>sate languan</name>
		<pose>Unspecified</pose>
		<truncated>0</truncated>
		<difficult>0</difficult>
		<bndbox>
			<xmin>16</xmin>
			<ymin>137</ymin>
			<xmax>369</xmax>
			<ymax>389</ymax>
		</bndbox>
	</object>
</annotation>
