<annotation>
	<folder>resize_Bali</folder>
	<filename>satelanguan00001.jpg</filename>
	<path>/Users/mac/Downloads/resize_Bali/satelanguan00001.jpg</path>
	<source>
		<database>Unknown</database>
	</source>
	<size>
		<width>500</width>
		<height>500</height>
		<depth>3</depth>
	</size>
	<segmented>0</segmented>
	<object>
		<name>sate languan</name>
		<pose>Unspecified</pose>
		<truncated>0</truncated>
		<difficult>0</difficult>
		<bndbox>
			<xmin>191</xmin>
			<ymin>94</ymin>
			<xmax>420</xmax>
			<ymax>360</ymax>
		</bndbox>
	</object>
	<object>
		<name>sate languan</name>
		<pose>Unspecified</pose>
		<truncated>1</truncated>
		<difficult>0</difficult>
		<bndbox>
			<xmin>294</xmin>
			<ymin>53</ymin>
			<xmax>500</xmax>
			<ymax>325</ymax>
		</bndbox>
	</object>
	<object>
		<name>sate languan</name>
		<pose>Unspecified</pose>
		<truncated>1</truncated>
		<difficult>0</difficult>
		<bndbox>
			<xmin>186</xmin>
			<ymin>247</ymin>
			<xmax>336</xmax>
			<ymax>500</ymax>
		</bndbox>
	</object>
</annotation>
