<annotation>
	<folder>resize_Bali</folder>
	<filename>satelanguan00013.jpg</filename>
	<path>/Users/mac/Downloads/resize_Bali/satelanguan00013.jpg</path>
	<source>
		<database>Unknown</database>
	</source>
	<size>
		<width>500</width>
		<height>500</height>
		<depth>3</depth>
	</size>
	<segmented>0</segmented>
	<object>
		<name>sate languan</name>
		<pose>Unspecified</pose>
		<truncated>0</truncated>
		<difficult>0</difficult>
		<bndbox>
			<xmin>10</xmin>
			<ymin>208</ymin>
			<xmax>260</xmax>
			<ymax>497</ymax>
		</bndbox>
	</object>
	<object>
		<name>sate languan</name>
		<pose>Unspecified</pose>
		<truncated>0</truncated>
		<difficult>0</difficult>
		<bndbox>
			<xmin>106</xmin>
			<ymin>167</ymin>
			<xmax>397</xmax>
			<ymax>485</ymax>
		</bndbox>
	</object>
	<object>
		<name>sate languan</name>
		<pose>Unspecified</pose>
		<truncated>1</truncated>
		<difficult>0</difficult>
		<bndbox>
			<xmin>184</xmin>
			<ymin>95</ymin>
			<xmax>500</xmax>
			<ymax>367</ymax>
		</bndbox>
	</object>
	<object>
		<name>sate languan</name>
		<pose>Unspecified</pose>
		<truncated>0</truncated>
		<difficult>0</difficult>
		<bndbox>
			<xmin>231</xmin>
			<ymin>22</ymin>
			<xmax>478</xmax>
			<ymax>205</ymax>
		</bndbox>
	</object>
</annotation>
