<annotation>
	<folder>resize_Bali</folder>
	<filename>satelanguan00015.jpg</filename>
	<path>/Users/mac/Downloads/resize_Bali/satelanguan00015.jpg</path>
	<source>
		<database>Unknown</database>
	</source>
	<size>
		<width>500</width>
		<height>500</height>
		<depth>3</depth>
	</size>
	<segmented>0</segmented>
	<object>
		<name>sate languan</name>
		<pose>Unspecified</pose>
		<truncated>0</truncated>
		<difficult>0</difficult>
		<bndbox>
			<xmin>131</xmin>
			<ymin>261</ymin>
			<xmax>325</xmax>
			<ymax>447</ymax>
		</bndbox>
	</object>
	<object>
		<name>sate languan</name>
		<pose>Unspecified</pose>
		<truncated>0</truncated>
		<difficult>0</difficult>
		<bndbox>
			<xmin>169</xmin>
			<ymin>193</ymin>
			<xmax>439</xmax>
			<ymax>414</ymax>
		</bndbox>
	</object>
</annotation>
