<annotation>
	<folder>resize_Bali</folder>
	<filename>sateplecing00011.jpg</filename>
	<path>/Users/mac/Downloads/resize_Bali/sateplecing00011.jpg</path>
	<source>
		<database>Unknown</database>
	</source>
	<size>
		<width>500</width>
		<height>500</height>
		<depth>3</depth>
	</size>
	<segmented>0</segmented>
	<object>
		<name>sate plecing</name>
		<pose>Unspecified</pose>
		<truncated>0</truncated>
		<difficult>0</difficult>
		<bndbox>
			<xmin>83</xmin>
			<ymin>195</ymin>
			<xmax>334</xmax>
			<ymax>366</ymax>
		</bndbox>
	</object>
</annotation>
