<annotation>
	<folder>resize_Bali</folder>
	<filename>satelanguan00019.jpg</filename>
	<path>/Users/mac/Downloads/resize_Bali/satelanguan00019.jpg</path>
	<source>
		<database>Unknown</database>
	</source>
	<size>
		<width>500</width>
		<height>500</height>
		<depth>3</depth>
	</size>
	<segmented>0</segmented>
	<object>
		<name>sate languan</name>
		<pose>Unspecified</pose>
		<truncated>0</truncated>
		<difficult>0</difficult>
		<bndbox>
			<xmin>5</xmin>
			<ymin>272</ymin>
			<xmax>228</xmax>
			<ymax>439</ymax>
		</bndbox>
	</object>
	<object>
		<name>sate languan</name>
		<pose>Unspecified</pose>
		<truncated>0</truncated>
		<difficult>0</difficult>
		<bndbox>
			<xmin>68</xmin>
			<ymin>216</ymin>
			<xmax>405</xmax>
			<ymax>324</ymax>
		</bndbox>
	</object>
	<object>
		<name>sate languan</name>
		<pose>Unspecified</pose>
		<truncated>1</truncated>
		<difficult>0</difficult>
		<bndbox>
			<xmin>205</xmin>
			<ymin>186</ymin>
			<xmax>500</xmax>
			<ymax>244</ymax>
		</bndbox>
	</object>
</annotation>
