<annotation>
	<folder>resize_Bali</folder>
	<filename>sateplecing00019.jpg</filename>
	<path>/Users/mac/Downloads/resize_Bali/sateplecing00019.jpg</path>
	<source>
		<database>Unknown</database>
	</source>
	<size>
		<width>500</width>
		<height>500</height>
		<depth>3</depth>
	</size>
	<segmented>0</segmented>
	<object>
		<name>sate plecing</name>
		<pose>Unspecified</pose>
		<truncated>0</truncated>
		<difficult>0</difficult>
		<bndbox>
			<xmin>16</xmin>
			<ymin>305</ymin>
			<xmax>259</xmax>
			<ymax>480</ymax>
		</bndbox>
	</object>
	<object>
		<name>sate plecing</name>
		<pose>Unspecified</pose>
		<truncated>0</truncated>
		<difficult>0</difficult>
		<bndbox>
			<xmin>52</xmin>
			<ymin>215</ymin>
			<xmax>378</xmax>
			<ymax>418</ymax>
		</bndbox>
	</object>
</annotation>
