<annotation>
	<folder>resize_Bali</folder>
	<filename>satelanguan00021.jpg</filename>
	<path>/Users/mac/Downloads/resize_Bali/satelanguan00021.jpg</path>
	<source>
		<database>Unknown</database>
	</source>
	<size>
		<width>500</width>
		<height>500</height>
		<depth>3</depth>
	</size>
	<segmented>0</segmented>
	<object>
		<name>sate languan</name>
		<pose>Unspecified</pose>
		<truncated>0</truncated>
		<difficult>0</difficult>
		<bndbox>
			<xmin>171</xmin>
			<ymin>3</ymin>
			<xmax>434</xmax>
			<ymax>168</ymax>
		</bndbox>
	</object>
	<object>
		<name>sate languan</name>
		<pose>Unspecified</pose>
		<truncated>1</truncated>
		<difficult>0</difficult>
		<bndbox>
			<xmin>346</xmin>
			<ymin>48</ymin>
			<xmax>500</xmax>
			<ymax>360</ymax>
		</bndbox>
	</object>
</annotation>
