<annotation>
	<folder>resize_Bali</folder>
	<filename>satelanguan00009.jpg</filename>
	<path>/Users/mac/Downloads/resize_Bali/satelanguan00009.jpg</path>
	<source>
		<database>Unknown</database>
	</source>
	<size>
		<width>500</width>
		<height>500</height>
		<depth>3</depth>
	</size>
	<segmented>0</segmented>
	<object>
		<name>sate languan</name>
		<pose>Unspecified</pose>
		<truncated>0</truncated>
		<difficult>0</difficult>
		<bndbox>
			<xmin>155</xmin>
			<ymin>78</ymin>
			<xmax>446</xmax>
			<ymax>236</ymax>
		</bndbox>
	</object>
	<object>
		<name>sate languan</name>
		<pose>Unspecified</pose>
		<truncated>0</truncated>
		<difficult>0</difficult>
		<bndbox>
			<xmin>125</xmin>
			<ymin>240</ymin>
			<xmax>499</xmax>
			<ymax>465</ymax>
		</bndbox>
	</object>
</annotation>
