<annotation>
	<folder>resize_Bali</folder>
	<filename>satelanguan00008.jpg</filename>
	<path>/Users/mac/Downloads/resize_Bali/satelanguan00008.jpg</path>
	<source>
		<database>Unknown</database>
	</source>
	<size>
		<width>500</width>
		<height>500</height>
		<depth>3</depth>
	</size>
	<segmented>0</segmented>
	<object>
		<name>sate languan</name>
		<pose>Unspecified</pose>
		<truncated>0</truncated>
		<difficult>0</difficult>
		<bndbox>
			<xmin>147</xmin>
			<ymin>143</ymin>
			<xmax>384</xmax>
			<ymax>273</ymax>
		</bndbox>
	</object>
	<object>
		<name>sate languan</name>
		<pose>Unspecified</pose>
		<truncated>0</truncated>
		<difficult>0</difficult>
		<bndbox>
			<xmin>120</xmin>
			<ymin>225</ymin>
			<xmax>365</xmax>
			<ymax>328</ymax>
		</bndbox>
	</object>
	<object>
		<name>sate languan</name>
		<pose>Unspecified</pose>
		<truncated>0</truncated>
		<difficult>0</difficult>
		<bndbox>
			<xmin>89</xmin>
			<ymin>318</ymin>
			<xmax>391</xmax>
			<ymax>435</ymax>
		</bndbox>
	</object>
	<object>
		<name>sate languan</name>
		<pose>Unspecified</pose>
		<truncated>0</truncated>
		<difficult>0</difficult>
		<bndbox>
			<xmin>192</xmin>
			<ymin>74</ymin>
			<xmax>471</xmax>
			<ymax>190</ymax>
		</bndbox>
	</object>
</annotation>
