<annotation>
	<folder>resize_Bali</folder>
	<filename>satelanguan00004.jpg</filename>
	<path>/Users/mac/Downloads/resize_Bali/satelanguan00004.jpg</path>
	<source>
		<database>Unknown</database>
	</source>
	<size>
		<width>500</width>
		<height>500</height>
		<depth>3</depth>
	</size>
	<segmented>0</segmented>
	<object>
		<name>sate languan</name>
		<pose>Unspecified</pose>
		<truncated>0</truncated>
		<difficult>0</difficult>
		<bndbox>
			<xmin>13</xmin>
			<ymin>11</ymin>
			<xmax>84</xmax>
			<ymax>256</ymax>
		</bndbox>
	</object>
	<object>
		<name>sate languan</name>
		<pose>Unspecified</pose>
		<truncated>0</truncated>
		<difficult>0</difficult>
		<bndbox>
			<xmin>99</xmin>
			<ymin>17</ymin>
			<xmax>179</xmax>
			<ymax>332</ymax>
		</bndbox>
	</object>
	<object>
		<name>sate languan</name>
		<pose>Unspecified</pose>
		<truncated>0</truncated>
		<difficult>0</difficult>
		<bndbox>
			<xmin>187</xmin>
			<ymin>41</ymin>
			<xmax>286</xmax>
			<ymax>319</ymax>
		</bndbox>
	</object>
	<object>
		<name>sate languan</name>
		<pose>Unspecified</pose>
		<truncated>0</truncated>
		<difficult>0</difficult>
		<bndbox>
			<xmin>281</xmin>
			<ymin>72</ymin>
			<xmax>360</xmax>
			<ymax>410</ymax>
		</bndbox>
	</object>
	<object>
		<name>sate languan</name>
		<pose>Unspecified</pose>
		<truncated>0</truncated>
		<difficult>0</difficult>
		<bndbox>
			<xmin>363</xmin>
			<ymin>72</ymin>
			<xmax>477</xmax>
			<ymax>356</ymax>
		</bndbox>
	</object>
</annotation>
