<annotation>
	<folder>resize_Bali</folder>
	<filename>sateplecing00018.jpg</filename>
	<path>/Users/mac/Downloads/resize_Bali/sateplecing00018.jpg</path>
	<source>
		<database>Unknown</database>
	</source>
	<size>
		<width>500</width>
		<height>500</height>
		<depth>3</depth>
	</size>
	<segmented>0</segmented>
	<object>
		<name>sate plecing</name>
		<pose>Unspecified</pose>
		<truncated>0</truncated>
		<difficult>0</difficult>
		<bndbox>
			<xmin>76</xmin>
			<ymin>333</ymin>
			<xmax>405</xmax>
			<ymax>439</ymax>
		</bndbox>
	</object>
	<object>
		<name>sate plecing</name>
		<pose>Unspecified</pose>
		<truncated>0</truncated>
		<difficult>0</difficult>
		<bndbox>
			<xmin>149</xmin>
			<ymin>231</ymin>
			<xmax>460</xmax>
			<ymax>356</ymax>
		</bndbox>
	</object>
	<object>
		<name>sate plecing</name>
		<pose>Unspecified</pose>
		<truncated>0</truncated>
		<difficult>0</difficult>
		<bndbox>
			<xmin>200</xmin>
			<ymin>181</ymin>
			<xmax>495</xmax>
			<ymax>271</ymax>
		</bndbox>
	</object>
	<object>
		<name>sate plecing</name>
		<pose>Unspecified</pose>
		<truncated>0</truncated>
		<difficult>0</difficult>
		<bndbox>
			<xmin>295</xmin>
			<ymin>123</ymin>
			<xmax>499</xmax>
			<ymax>175</ymax>
		</bndbox>
	</object>
</annotation>
