<annotation>
	<folder>resize_Bali</folder>
	<filename>satelanguan00018.jpg</filename>
	<path>/Users/mac/Downloads/resize_Bali/satelanguan00018.jpg</path>
	<source>
		<database>Unknown</database>
	</source>
	<size>
		<width>500</width>
		<height>500</height>
		<depth>3</depth>
	</size>
	<segmented>0</segmented>
	<object>
		<name>sate languan</name>
		<pose>Unspecified</pose>
		<truncated>0</truncated>
		<difficult>0</difficult>
		<bndbox>
			<xmin>54</xmin>
			<ymin>41</ymin>
			<xmax>493</xmax>
			<ymax>253</ymax>
		</bndbox>
	</object>
	<object>
		<name>sate languan</name>
		<pose>Unspecified</pose>
		<truncated>0</truncated>
		<difficult>0</difficult>
		<bndbox>
			<xmin>15</xmin>
			<ymin>171</ymin>
			<xmax>434</xmax>
			<ymax>414</ymax>
		</bndbox>
	</object>
</annotation>
