<annotation>
	<folder>resize_Bali</folder>
	<filename>sateplecing00012.jpg</filename>
	<path>/Users/mac/Downloads/resize_Bali/sateplecing00012.jpg</path>
	<source>
		<database>Unknown</database>
	</source>
	<size>
		<width>500</width>
		<height>500</height>
		<depth>3</depth>
	</size>
	<segmented>0</segmented>
	<object>
		<name>sate plecing</name>
		<pose>Unspecified</pose>
		<truncated>0</truncated>
		<difficult>0</difficult>
		<bndbox>
			<xmin>15</xmin>
			<ymin>376</ymin>
			<xmax>287</xmax>
			<ymax>459</ymax>
		</bndbox>
	</object>
	<object>
		<name>sate plecing</name>
		<pose>Unspecified</pose>
		<truncated>0</truncated>
		<difficult>0</difficult>
		<bndbox>
			<xmin>25</xmin>
			<ymin>322</ymin>
			<xmax>330</xmax>
			<ymax>409</ymax>
		</bndbox>
	</object>
	<object>
		<name>sate plecing</name>
		<pose>Unspecified</pose>
		<truncated>0</truncated>
		<difficult>0</difficult>
		<bndbox>
			<xmin>31</xmin>
			<ymin>231</ymin>
			<xmax>365</xmax>
			<ymax>352</ymax>
		</bndbox>
	</object>
</annotation>
