<annotation>
	<folder>resize_Bali</folder>
	<filename>sateplecing00020.jpg</filename>
	<path>/Users/mac/Downloads/resize_Bali/sateplecing00020.jpg</path>
	<source>
		<database>Unknown</database>
	</source>
	<size>
		<width>500</width>
		<height>500</height>
		<depth>3</depth>
	</size>
	<segmented>0</segmented>
	<object>
		<name>sate plecing</name>
		<pose>Unspecified</pose>
		<truncated>0</truncated>
		<difficult>0</difficult>
		<bndbox>
			<xmin>13</xmin>
			<ymin>117</ymin>
			<xmax>440</xmax>
			<ymax>266</ymax>
		</bndbox>
	</object>
	<object>
		<name>sate plecing</name>
		<pose>Unspecified</pose>
		<truncated>0</truncated>
		<difficult>0</difficult>
		<bndbox>
			<xmin>226</xmin>
			<ymin>205</ymin>
			<xmax>448</xmax>
			<ymax>461</ymax>
		</bndbox>
	</object>
</annotation>
