<annotation>
	<folder>resize_Bali</folder>
	<filename>sudanglepet00008.jpg</filename>
	<path>/Users/mac/Downloads/resize_Bali/sudanglepet00008.jpg</path>
	<source>
		<database>Unknown</database>
	</source>
	<size>
		<width>500</width>
		<height>500</height>
		<depth>3</depth>
	</size>
	<segmented>0</segmented>
	<object>
		<name>sudang lepet</name>
		<pose>Unspecified</pose>
		<truncated>0</truncated>
		<difficult>0</difficult>
		<bndbox>
			<xmin>23</xmin>
			<ymin>28</ymin>
			<xmax>487</xmax>
			<ymax>332</ymax>
		</bndbox>
	</object>
</annotation>
