<annotation>
	<folder>resize_Bali</folder>
	<filename>sudanglepet00014.jpg</filename>
	<path>/Users/mac/Downloads/resize_Bali/sudanglepet00014.jpg</path>
	<source>
		<database>Unknown</database>
	</source>
	<size>
		<width>500</width>
		<height>500</height>
		<depth>3</depth>
	</size>
	<segmented>0</segmented>
	<object>
		<name>sudang lepet</name>
		<pose>Unspecified</pose>
		<truncated>0</truncated>
		<difficult>0</difficult>
		<bndbox>
			<xmin>63</xmin>
			<ymin>16</ymin>
			<xmax>361</xmax>
			<ymax>335</ymax>
		</bndbox>
	</object>
</annotation>
