<annotation>
	<folder>resize_Bali</folder>
	<filename>sudanglepet00001.jpg</filename>
	<path>/Users/mac/Downloads/resize_Bali/sudanglepet00001.jpg</path>
	<source>
		<database>Unknown</database>
	</source>
	<size>
		<width>500</width>
		<height>500</height>
		<depth>3</depth>
	</size>
	<segmented>0</segmented>
	<object>
		<name>sudang lepet</name>
		<pose>Unspecified</pose>
		<truncated>0</truncated>
		<difficult>0</difficult>
		<bndbox>
			<xmin>176</xmin>
			<ymin>4</ymin>
			<xmax>305</xmax>
			<ymax>458</ymax>
		</bndbox>
	</object>
	<object>
		<name>sudang lepet</name>
		<pose>Unspecified</pose>
		<truncated>0</truncated>
		<difficult>0</difficult>
		<bndbox>
			<xmin>35</xmin>
			<ymin>13</ymin>
			<xmax>141</xmax>
			<ymax>416</ymax>
		</bndbox>
	</object>
	<object>
		<name>sudang lepet</name>
		<pose>Unspecified</pose>
		<truncated>1</truncated>
		<difficult>0</difficult>
		<bndbox>
			<xmin>306</xmin>
			<ymin>169</ymin>
			<xmax>447</xmax>
			<ymax>500</ymax>
		</bndbox>
	</object>
</annotation>
