<annotation>
	<folder>resize_Bali</folder>
	<filename>sudanglepet00010.jpg</filename>
	<path>/Users/mac/Downloads/resize_Bali/sudanglepet00010.jpg</path>
	<source>
		<database>Unknown</database>
	</source>
	<size>
		<width>500</width>
		<height>500</height>
		<depth>3</depth>
	</size>
	<segmented>0</segmented>
	<object>
		<name>sudang lepet</name>
		<pose>Unspecified</pose>
		<truncated>0</truncated>
		<difficult>0</difficult>
		<bndbox>
			<xmin>16</xmin>
			<ymin>60</ymin>
			<xmax>362</xmax>
			<ymax>204</ymax>
		</bndbox>
	</object>
	<object>
		<name>sudang lepet</name>
		<pose>Unspecified</pose>
		<truncated>0</truncated>
		<difficult>0</difficult>
		<bndbox>
			<xmin>271</xmin>
			<ymin>137</ymin>
			<xmax>441</xmax>
			<ymax>485</ymax>
		</bndbox>
	</object>
</annotation>
