<annotation>
	<folder>resize_Bali</folder>
	<filename>tipatcantok00020.jpg</filename>
	<path>/Users/mac/Downloads/resize_Bali/tipatcantok00020.jpg</path>
	<source>
		<database>Unknown</database>
	</source>
	<size>
		<width>500</width>
		<height>500</height>
		<depth>3</depth>
	</size>
	<segmented>0</segmented>
	<object>
		<name>tipat cantok</name>
		<pose>Unspecified</pose>
		<truncated>1</truncated>
		<difficult>0</difficult>
		<bndbox>
			<xmin>15</xmin>
			<ymin>17</ymin>
			<xmax>500</xmax>
			<ymax>500</ymax>
		</bndbox>
	</object>
</annotation>
