<annotation>
	<folder>resize_Bali</folder>
	<filename>tipatcantok00017.jpg</filename>
	<path>/Users/mac/Downloads/resize_Bali/tipatcantok00017.jpg</path>
	<source>
		<database>Unknown</database>
	</source>
	<size>
		<width>500</width>
		<height>500</height>
		<depth>3</depth>
	</size>
	<segmented>0</segmented>
	<object>
		<name>tipat cantok</name>
		<pose>Unspecified</pose>
		<truncated>0</truncated>
		<difficult>0</difficult>
		<bndbox>
			<xmin>12</xmin>
			<ymin>40</ymin>
			<xmax>476</xmax>
			<ymax>490</ymax>
		</bndbox>
	</object>
</annotation>
