<annotation>
	<folder>resize_Bali</folder>
	<filename>tipatcantok00010.jpg</filename>
	<path>/Users/mac/Downloads/resize_Bali/tipatcantok00010.jpg</path>
	<source>
		<database>Unknown</database>
	</source>
	<size>
		<width>500</width>
		<height>500</height>
		<depth>3</depth>
	</size>
	<segmented>0</segmented>
	<object>
		<name>tipat cantok</name>
		<pose>Unspecified</pose>
		<truncated>0</truncated>
		<difficult>0</difficult>
		<bndbox>
			<xmin>5</xmin>
			<ymin>36</ymin>
			<xmax>426</xmax>
			<ymax>443</ymax>
		</bndbox>
	</object>
</annotation>
