<annotation>
	<folder>resize_Bali</folder>
	<filename>tipatblayag00016.jpg</filename>
	<path>/Users/mac/Downloads/resize_Bali/tipatblayag00016.jpg</path>
	<source>
		<database>Unknown</database>
	</source>
	<size>
		<width>500</width>
		<height>500</height>
		<depth>3</depth>
	</size>
	<segmented>0</segmented>
	<object>
		<name>tipat blayag</name>
		<pose>Unspecified</pose>
		<truncated>0</truncated>
		<difficult>0</difficult>
		<bndbox>
			<xmin>9</xmin>
			<ymin>14</ymin>
			<xmax>417</xmax>
			<ymax>478</ymax>
		</bndbox>
	</object>
</annotation>
