<annotation>
	<folder>resize_Bali</folder>
	<filename>tumayam00008.jpg</filename>
	<path>/Users/mac/Downloads/resize_Bali/tumayam00008.jpg</path>
	<source>
		<database>Unknown</database>
	</source>
	<size>
		<width>500</width>
		<height>500</height>
		<depth>3</depth>
	</size>
	<segmented>0</segmented>
	<object>
		<name>tum ayam</name>
		<pose>Unspecified</pose>
		<truncated>1</truncated>
		<difficult>0</difficult>
		<bndbox>
			<xmin>10</xmin>
			<ymin>1</ymin>
			<xmax>412</xmax>
			<ymax>475</ymax>
		</bndbox>
	</object>
</annotation>
