<annotation>
	<folder>resize_Bali</folder>
	<filename>tumayam00010.jpg</filename>
	<path>/Users/mac/Downloads/resize_Bali/tumayam00010.jpg</path>
	<source>
		<database>Unknown</database>
	</source>
	<size>
		<width>500</width>
		<height>500</height>
		<depth>3</depth>
	</size>
	<segmented>0</segmented>
	<object>
		<name>tum ayam</name>
		<pose>Unspecified</pose>
		<truncated>0</truncated>
		<difficult>0</difficult>
		<bndbox>
			<xmin>60</xmin>
			<ymin>90</ymin>
			<xmax>481</xmax>
			<ymax>477</ymax>
		</bndbox>
	</object>
</annotation>
