<annotation>
	<folder>resize_Bali</folder>
	<filename>tumayam00006.jpg</filename>
	<path>/Users/mac/Downloads/resize_Bali/tumayam00006.jpg</path>
	<source>
		<database>Unknown</database>
	</source>
	<size>
		<width>500</width>
		<height>500</height>
		<depth>3</depth>
	</size>
	<segmented>0</segmented>
	<object>
		<name>tum ayam</name>
		<pose>Unspecified</pose>
		<truncated>0</truncated>
		<difficult>0</difficult>
		<bndbox>
			<xmin>10</xmin>
			<ymin>233</ymin>
			<xmax>265</xmax>
			<ymax>442</ymax>
		</bndbox>
	</object>
</annotation>
